,value_1,value_2,resultt
0,3,1,3
1,4,2,2
2,5,3,1.666666667
3,6,2,3
4,7,4,1.75
5,8,1,8
6,9,5,1.8
7,10,6,1.666666667
8,11,0,#DIV/0!
9,12,4,3
10,13,3,4.333333333
11,14,0,#DIV/0!
12,15,3,5
13,16,6,2.666666667
14,17,2,8.5
15,18,2,9
16,19,5,3.8
17,20,9,2.222222222
18,21,7,3
